"company_code;plant_code;supplier_code;supplier_plant;part_code;part_name;line_dc;date_scan_dc;npk_dc;line_ma;date_scan_ma;npk_ma;line_delivery;date_scan_delivery;npk_delivery;cust_part_number","","","","","","","","","","","","","","",""
"80J7","6","5011","2","15011418C12A353","PAN SUB ASSY OIL NO.1","DCAA04","2018-12-12","001594","MA006","2018-12-13","001357","Cycle 6","2018-12-14","123","12101-OYO40"
"80J7","6","5011","2","15011418C12A348","PAN SUB ASSY OIL NO.1","DCAA04","2018-12-12","001594","MA006","2018-12-13","001357","Cycle 5","2018-12-14","123","12101-OYO40"
"80J7","6","5011","2","15011418C12A356","PAN SUB ASSY OIL NO.1","DCAA04","2018-12-12","001594","MA006","2018-12-13","001357","Cycle 5","2018-12-14","123","12101-OYO40"
"80J7","6","5011","2","15011418C12A357","PAN SUB ASSY OIL NO.1","DCAA04","2018-12-12","001594","MA006","2018-12-13","001357","Cycle 5","2018-12-14","123","12101-OYO40"
"80J7","6","5011","2","15011418C12A358","PAN SUB ASSY OIL NO.1","DCAA04","2018-12-12","001594","MA006","2018-12-13","001357","Cycle 5","2018-12-14","123","12101-OYO40"
"80J7","6","5011","2","15011418C12A359","PAN SUB ASSY OIL NO.1","DCAA04","2018-12-12","001594","MA006","2018-12-13","001357","Cycle 6","2018-12-14","123","12101-OYO40"
"80J7","6","5011","2","15011418C12A362","PAN SUB ASSY OIL NO.1","DCAA04","2018-12-12","001594","MA006","2018-12-13","001357","Cycle 5","2018-12-14","123","12101-OYO40"
"80J7","6","5011","2","15011418C12A363","PAN SUB ASSY OIL NO.1","DCAA04","2018-12-12","001594","MA006","2018-12-13","001357","Cycle 5","2018-12-14","123","12101-OYO40"
"80J7","6","5011","2","15011418C12A364","PAN SUB ASSY OIL NO.1","DCAA04","2018-12-12","001594","MA006","2018-12-13","001357","Cycle 5","2018-12-14","123","12101-OYO40"
"80J7","6","5011","2","15011418C12A366","PAN SUB ASSY OIL NO.1","DCAA04","2018-12-12","001594","MA006","2018-12-13","001357","Cycle 5","2018-12-14","123","12101-OYO40"
"80J7","6","5011","2","15011418C12A367","PAN SUB ASSY OIL NO.1","DCAA04","2018-12-12","001594","MA006","2018-12-13","001357","Cycle 5","2018-12-14","123","12101-OYO40"
"80J7","6","5011","2","15011418C12A368","PAN SUB ASSY OIL NO.1","DCAA04","2018-12-12","001594","MA006","2018-12-13","001357","Cycle 6","2018-12-14","123","12101-OYO40"
"80J7","6","5011","2","15011418C12A369","PAN SUB ASSY OIL NO.1","DCAA04","2018-12-12","001594","MA006","2018-12-13","001357","Cycle 6","2018-12-14","123","12101-OYO40"
"80J7","6","5011","2","15011418C12A370","PAN SUB ASSY OIL NO.1","DCAA04","2018-12-12","001594","MA006","2018-12-13","001357","Cycle 5","2018-12-14","123","12101-OYO40"
"80J7","6","5011","2","15011418C12A371","PAN SUB ASSY OIL NO.1","DCAA04","2018-12-12","001594","MA006","2018-12-13","001357","Cycle 5","2018-12-14","123","12101-OYO40"
"80J7","6","5011","2","15011418C12A373","PAN SUB ASSY OIL NO.1","DCAA04","2018-12-12","001594","MA006","2018-12-13","001357","Cycle 6","2018-12-14","123","12101-OYO40"
"80J7","6","5011","2","15011418C12A384","PAN SUB ASSY OIL NO.1","DCAA04","2018-12-12","001594","MA006","2018-12-13","001357","Cycle 6","2018-12-14","123","12101-OYO40"
"80J7","6","5011","2","15011418C13A047","PAN SUB ASSY OIL NO.1","DCAA04","2018-12-13","001594","MA006","2018-12-13","001357","Cycle 6","2018-12-14","123","12101-OYO40"
"80J7","6","5011","2","15011418C13A051","PAN SUB ASSY OIL NO.1","DCAA04","2018-12-13","001594","MA006","2018-12-13","001357","Cycle 6","2018-12-14","123","12101-OYO40"
"80J7","6","5011","2","15011418C13A127","PAN SUB ASSY OIL NO.1","DCAA04","2018-12-13","001594","MA006","2018-12-13","001357","Cycle 4","2018-12-17","123","12101-OYO40"
"80J7","6","5011","2","15011418C13A138","PAN SUB ASSY OIL NO.1","DCAA04","2018-12-13","001594","MA006","2018-12-13","001357","Cycle 4","2018-12-17","123","12101-OYO40"
"80J7","6","5011","2","15011418C14A068","PAN SUB ASSY OIL NO.1","DCAA04","2018-12-14","001594","MA006","2018-12-14","001357","Cycle 4","2018-12-17","123","12101-OYO40"
"80J7","6","5011","2","15011418C14A081","PAN SUB ASSY OIL NO.1","DCAA04","2018-12-14","001594","MA006","2018-12-14","001357","Cycle 4","2018-12-17","123","12101-OYO40"
"80J7","6","5011","2","15011418C14A114","PAN SUB ASSY OIL NO.1","DCAA04","2018-12-14","001594","MA006","2018-12-16","001357","Cycle 6","2018-12-17","123","12101-OYO40"
"80J7","6","5011","2","15011418C14A115","PAN SUB ASSY OIL NO.1","DCAA04","2018-12-14","001594","MA006","2018-12-16","001357","Cycle 6","2018-12-17","123","12101-OYO40"
"80J7","6","5011","2","15011418C14A116","PAN SUB ASSY OIL NO.1","DCAA04","2018-12-14","001594","MA006","2018-12-16","001357","Cycle 6","2018-12-17","123","12101-OYO40"
"80J7","6","5011","2","15011418C14A117","PAN SUB ASSY OIL NO.1","DCAA04","2018-12-14","001594","MA006","2018-12-16","001357","Cycle 6","2018-12-17","123","12101-OYO40"
"80J7","6","5011","2","15011418C14A148","PAN SUB ASSY OIL NO.1","DCAA04","2018-12-14","001594","MA006","2018-12-16","001357","Cycle 1","2018-12-17","123","12101-OYO40"
"80J7","6","5011","2","15011418C14A149","PAN SUB ASSY OIL NO.1","DCAA04","2018-12-14","001594","MA006","2018-12-16","001357","Cycle 1","2018-12-17","123","12101-OYO40"
"80J7","6","5011","2","15011418C14A150","PAN SUB ASSY OIL NO.1","DCAA04","2018-12-14","001594","MA006","2018-12-16","001357","Cycle 6","2018-12-17","123","12101-OYO40"
"80J7","6","5011","2","15011418C14A151","PAN SUB ASSY OIL NO.1","DCAA04","2018-12-14","001594","MA006","2018-12-16","001357","Cycle 1","2018-12-17","123","12101-OYO40"
"80J7","6","5011","2","15011418C14A152","PAN SUB ASSY OIL NO.1","DCAA04","2018-12-14","001594","MA006","2018-12-16","001357","Cycle 1","2018-12-17","123","12101-OYO40"
"80J7","6","5011","2","15011418C14A153","PAN SUB ASSY OIL NO.1","DCAA04","2018-12-14","001594","MA006","2018-12-16","001357","Cycle 6","2018-12-17","123","12101-OYO40"
"80J7","6","5011","2","15011418C14A154","PAN SUB ASSY OIL NO.1","DCAA04","2018-12-14","001594","MA006","2018-12-17","001357","Cycle 6","2018-12-18","123","12101-OYO40"
"80J7","6","5011","2","15011418C14A155","PAN SUB ASSY OIL NO.1","DCAA04","2018-12-14","001594","MA006","2018-12-16","001357","Cycle 1","2018-12-17","123","12101-OYO40"
"80J7","6","5011","2","15011418C14A157","PAN SUB ASSY OIL NO.1","DCAA04","2018-12-14","001594","MA006","2018-12-16","001357","Cycle 1","2018-12-17","123","12101-OYO40"
"80J7","6","5011","2","15011418C14A159","PAN SUB ASSY OIL NO.1","DCAA04","2018-12-14","001594","MA006","2018-12-16","001357","Cycle 1","2018-12-17","123","12101-OYO40"
"80J7","6","5011","2","15011418C14A160","PAN SUB ASSY OIL NO.1","DCAA04","2018-12-14","001594","MA006","2018-12-16","001357","Cycle 6","2018-12-17","123","12101-OYO40"
"80J7","6","5011","2","15011418C14A161","PAN SUB ASSY OIL NO.1","DCAA04","2018-12-14","001594","MA006","2018-12-16","001357","Cycle 3","2018-12-18","123","12101-OYO40"
"80J7","6","5011","2","15011418C14A167","PAN SUB ASSY OIL NO.1","DCAA04","2018-12-14","001594","MA006","2018-12-16","001357","Cycle 1","2018-12-17","123","12101-OYO40"
"80J7","6","5011","2","15011418C14A168","PAN SUB ASSY OIL NO.1","DCAA04","2018-12-14","001594","MA006","2018-12-16","001357","Cycle 1","2018-12-17","123","12101-OYO40"
"80J7","6","5011","2","15011418C14A170","PAN SUB ASSY OIL NO.1","DCAA04","2018-12-14","001594","MA006","2018-12-17","001357","Cycle 3","2018-12-18","123","12101-OYO40"
"80J7","6","5011","2","15011418C14A172","PAN SUB ASSY OIL NO.1","DCAA04","2018-12-14","001594","MA006","2018-12-16","001357","Cycle 1","2018-12-17","123","12101-OYO40"
"80J7","6","5011","2","15011418C14A173","PAN SUB ASSY OIL NO.1","DCAA04","2018-12-14","001594","MA006","2018-12-17","001357","Cycle 3","2018-12-18","123","12101-OYO40"
"80J7","6","5011","2","15011418C14A174","PAN SUB ASSY OIL NO.1","DCAA04","2018-12-14","001594","MA006","2018-12-16","001357","Cycle 1","2018-12-17","123","12101-OYO40"
"80J7","6","5011","2","15011418C14A178","PAN SUB ASSY OIL NO.1","DCAA04","2018-12-14","001594","MA006","2018-12-16","001357","Cycle 1","2018-12-17","123","12101-OYO40"
"80J7","6","5011","2","15011418C14A179","PAN SUB ASSY OIL NO.1","DCAA04","2018-12-14","001594","MA006","2018-12-16","001357","Cycle 1","2018-12-17","123","12101-OYO40"
"80J7","6","5011","2","15011418C14A181","PAN SUB ASSY OIL NO.1","DCAA04","2018-12-14","001594","MA006","2018-12-17","001357","Cycle 3","2018-12-18","123","12101-OYO40"
"80J7","6","5011","2","15011418C14A180","PAN SUB ASSY OIL NO.1","DCAA04","2018-12-14","001594","MA006","2018-12-16","001357","Cycle 1","2018-12-17","123","12101-OYO40"
"80J7","6","5011","2","15011418C14A185","PAN SUB ASSY OIL NO.1","DCAA04","2018-12-14","001594","MA006","2018-12-16","001357","Cycle 3","2018-12-18","123","12101-OYO40"
"80J7","6","5011","2","15011418C14A186","PAN SUB ASSY OIL NO.1","DCAA04","2018-12-14","001594","MA006","2018-12-16","001357","Cycle 1","2018-12-17","123","12101-OYO40"
"80J7","6","5011","2","15011418C14A188","PAN SUB ASSY OIL NO.1","DCAA04","2018-12-14","001594","MA006","2018-12-16","001357","Cycle 1","2018-12-17","123","12101-OYO40"
"80J7","6","5011","2","15011418C14A184","PAN SUB ASSY OIL NO.1","DCAA04","2018-12-14","001594","MA006","2018-12-16","001357","Cycle 1","2018-12-17","123","12101-OYO40"
"80J7","6","5011","2","15011418C14A190","PAN SUB ASSY OIL NO.1","DCAA04","2018-12-14","001594","MA006","2018-12-17","001357","Cycle 3","2018-12-18","123","12101-OYO40"
"80J7","6","5011","2","15011418C14A187","PAN SUB ASSY OIL NO.1","DCAA04","2018-12-14","001594","MA006","2018-12-17","001357","Cycle 3","2018-12-18","123","12101-OYO40"
"80J7","6","5011","2","15011418C14A191","PAN SUB ASSY OIL NO.1","DCAA04","2018-12-14","001594","MA006","2018-12-17","001357","Cycle 3","2018-12-18","123","12101-OYO40"
"80J7","6","5011","2","15011418C14A194","PAN SUB ASSY OIL NO.1","DCAA04","2018-12-14","001594","MA006","2018-12-17","001357","Cycle 3","2018-12-18","123","12101-OYO40"
"80J7","6","5011","2","15011418C14A193","PAN SUB ASSY OIL NO.1","DCAA04","2018-12-14","001594","MA006","2018-12-17","001357","Cycle 3","2018-12-18","123","12101-OYO40"
"80J7","6","5011","2","15011418C14A192","PAN SUB ASSY OIL NO.1","DCAA04","2018-12-14","001594","MA006","2018-12-17","001357","Cycle 3","2018-12-18","123","12101-OYO40"
"80J7","6","5011","2","15011418C14A196","PAN SUB ASSY OIL NO.1","DCAA04","2018-12-14","001594","MA006","2018-12-17","001357","Cycle 3","2018-12-18","123","12101-OYO40"
"80J7","6","5011","2","15011418C14A197","PAN SUB ASSY OIL NO.1","DCAA04","2018-12-14","001594","MA006","2018-12-17","001357","Cycle 3","2018-12-18","123","12101-OYO40"
"80J7","6","5011","2","15011418C14A201","PAN SUB ASSY OIL NO.1","DCAA04","2018-12-14","001594","MA006","2018-12-17","001357","Cycle 3","2018-12-18","123","12101-OYO40"
"80J7","6","5011","2","15011418C14A202","PAN SUB ASSY OIL NO.1","DCAA04","2018-12-14","001594","MA006","2018-12-17","001357","Cycle 3","2018-12-18","123","12101-OYO40"
"80J7","6","5011","2","15011418C14A205","PAN SUB ASSY OIL NO.1","DCAA04","2018-12-14","001594","MA006","2018-12-17","001357","Cycle 3","2018-12-18","123","12101-OYO40"
"80J7","6","5011","2","15011418C14A207","PAN SUB ASSY OIL NO.1","DCAA04","2018-12-14","001594","MA006","2018-12-17","001357","Cycle 3","2018-12-18","123","12101-OYO40"
"80J7","6","5011","2","15011418C14A208","PAN SUB ASSY OIL NO.1","DCAA04","2018-12-14","001594","MA006","2018-12-17","001357","Cycle 3","2018-12-18","123","12101-OYO40"
"80J7","6","5011","2","15011418C14A209","PAN SUB ASSY OIL NO.1","DCAA04","2018-12-14","001594","MA006","2018-12-17","001357","Cycle 3","2018-12-18","123","12101-OYO40"
"80J7","6","5011","2","15011418C14A210","PAN SUB ASSY OIL NO.1","DCAA04","2018-12-14","001594","MA006","2018-12-17","001357","Cycle 3","2018-12-18","123","12101-OYO40"
"80J7","6","5011","2","15011418C14A211","PAN SUB ASSY OIL NO.1","DCAA04","2018-12-14","001594","MA006","2018-12-17","001357","Cycle 3","2018-12-18","123","12101-OYO40"
"80J7","6","5011","2","15011418C14A212","PAN SUB ASSY OIL NO.1","DCAA04","2018-12-14","001594","MA006","2018-12-17","001357","Cycle 3","2018-12-18","123","12101-OYO40"
"80J7","6","5011","2","11021418C14A221","PAN SUB ASSY OIL NO.1","DCAA04","2018-12-14","001594","MA006","2018-12-14","001357","Cycle 6","2018-12-17","123","12101-OYO40"
"80J7","6","5011","2","11021418C14A241","PAN SUB ASSY OIL NO.1","DCAA04","2018-12-14","001594","MA006","2018-12-14","001357","Cycle 5","2018-12-17","123","12101-OYO40"
"80J7","6","5011","2","11021418C14A279","PAN SUB ASSY OIL NO.1","DCAA04","2018-12-14","001594","MA006","2018-12-14","001357","Cycle 5","2018-12-18","123","12101-OYO40"
"80J7","6","5011","2","11021418C14A280","PAN SUB ASSY OIL NO.1","DCAA04","2018-12-14","001594","MA006","2018-12-14","001357","Cycle 5","2018-12-18","123","12101-OYO40"
"80J7","6","5011","2","11021418C14A284","PAN SUB ASSY OIL NO.1","DCAA04","2018-12-14","001594","MA006","2018-12-14","001357","Cycle 5","2018-12-18","123","12101-OYO40"
"80J7","6","5011","2","11021418C14A286","PAN SUB ASSY OIL NO.1","DCAA04","2018-12-14","001594","MA006","2018-12-14","001357","Cycle 5","2018-12-18","123","12101-OYO40"
"80J7","6","5011","2","11021418C14A287","PAN SUB ASSY OIL NO.1","DCAA04","2018-12-14","001594","MA006","2018-12-14","001357","Cycle 5","2018-12-18","123","12101-OYO40"
"80J7","6","5011","2","11021418C14A292","PAN SUB ASSY OIL NO.1","DCAA04","2018-12-14","001594","MA006","2018-12-14","001357","Cycle 1","2018-12-18","123","12101-OYO40"
"80J7","6","5011","2","11021418C14A298","PAN SUB ASSY OIL NO.1","DCAA04","2018-12-14","001594","MA006","2018-12-14","001357","Cycle 1","2018-12-18","123","12101-OYO40"
"80J7","6","5011","2","11021418C14A299","PAN SUB ASSY OIL NO.1","DCAA04","2018-12-14","001594","MA006","2018-12-14","001357","Cycle 1","2018-12-18","123","12101-OYO40"
"80J7","6","5011","2","11021418C14A303","PAN SUB ASSY OIL NO.1","DCAA04","2018-12-14","001594","MA006","2018-12-14","001357","Cycle 1","2018-12-18","123","12101-OYO40"
"80J7","6","5011","2","11021418C14A304","PAN SUB ASSY OIL NO.1","DCAA04","2018-12-14","001594","MA006","2018-12-14","001357","Cycle 1","2018-12-18","123","12101-OYO40"
"80J7","6","5011","2","11021418C14A305","PAN SUB ASSY OIL NO.1","DCAA04","2018-12-14","001594","MA006","2018-12-14","001357","Cycle 1","2018-12-18","123","12101-OYO40"
"80J7","6","5011","2","11021418C14A306","PAN SUB ASSY OIL NO.1","DCAA04","2018-12-14","001594","MA006","2018-12-14","001357","Cycle 1","2018-12-18","123","12101-OYO40"
"80J7","6","5011","2","11021418C14A307","PAN SUB ASSY OIL NO.1","DCAA04","2018-12-14","001594","MA006","2018-12-14","001357","Cycle 1","2018-12-18","123","12101-OYO40"
"80J7","6","5011","2","11021418C14A308","PAN SUB ASSY OIL NO.1","DCAA04","2018-12-14","001594","MA006","2018-12-14","001357","Cycle 1","2018-12-18","123","12101-OYO40"
"80J7","6","5011","2","11021418C14A309","PAN SUB ASSY OIL NO.1","DCAA04","2018-12-14","001594","MA006","2018-12-14","001357","Cycle 1","2018-12-18","123","12101-OYO40"
"80J7","6","5011","2","11021418C14A312","PAN SUB ASSY OIL NO.1","DCAA04","2018-12-14","001594","MA006","2018-12-14","001357","Cycle 1","2018-12-18","123","12101-OYO40"
"80J7","6","5011","2","11021418C14A322","PAN SUB ASSY OIL NO.1","DCAA04","2018-12-14","001594","MA006","2018-12-14","001357","Cycle 1","2018-12-18","123","12101-OYO40"
"80J7","6","5011","2","11021418C14A324","PAN SUB ASSY OIL NO.1","DCAA04","2018-12-14","001594","MA006","2018-12-14","001357","Cycle 1","2018-12-18","123","12101-OYO40"
"80J7","6","5011","2","11021418C14A323","PAN SUB ASSY OIL NO.1","DCAA04","2018-12-14","001594","MA006","2018-12-14","001357","Cycle 1","2018-12-18","123","12101-OYO40"
"80J7","6","5011","2","11021418C14A325","PAN SUB ASSY OIL NO.1","DCAA04","2018-12-14","001594","MA006","2018-12-14","001357","Cycle 1","2018-12-18","123","12101-OYO40"
"80J7","6","5011","2","11021418C14A355","PAN SUB ASSY OIL NO.1","DCAA04","2018-12-14","001594","MA006","2018-12-18","001357","Cycle 6","2018-12-18","123","12101-OYO40"
"80J7","6","5011","2","11021418C14A356","PAN SUB ASSY OIL NO.1","DCAA04","2018-12-14","001594","MA006","2018-12-18","001357","Cycle 6","2018-12-18","123","12101-OYO40"
"80J7","6","5011","2","10031418C24A094","PAN SUB ASSY OIL NO.1","DCAA04","2018-12-24","001594","MA006","2018-12-24","001357","Cycle 1","2018-12-26","123","12101-OYO80"
"80J7","6","5011","2","10031418C24A095","PAN SUB ASSY OIL NO.1","DCAA04","2018-12-24","001594","MA007","2018-12-24","001540","Cycle 1","2018-12-26","123","12101-OYO80"
"80J7","6","5011","2","10031418C24A096","PAN SUB ASSY OIL NO.1","DCAA04","2018-12-24","001594","MA006","2018-12-24","001357","Cycle 1","2018-12-26","123","12101-OYO80"
"80J7","6","5011","2","10031418C24A097","PAN SUB ASSY OIL NO.1","DCAA04","2018-12-24","001594","MA006","2018-12-24","001357","Cycle 1","2018-12-26","123","12101-OYO80"
"80J7","6","5011","2","10031418C24A100","PAN SUB ASSY OIL NO.1","DCAA04","2018-12-24","001594","MA007","2018-12-24","001540","Cycle 1","2018-12-26","123","12101-OYO80"
"80J7","6","5011","2","10031418C24A101","PAN SUB ASSY OIL NO.1","DCAA04","2018-12-24","001594","MA007","2018-12-24","001540","Cycle 1","2018-12-26","123","12101-OYO80"
"80J7","6","5011","2","10031418C24A102","PAN SUB ASSY OIL NO.1","DCAA04","2018-12-24","001594","MA006","2018-12-24","001357","Cycle 1","2018-12-26","123","12101-OYO80"
"80J7","6","5011","2","10031418C24A121","PAN SUB ASSY OIL NO.1","DCAA04","2018-12-24","001594","MA006","2018-12-24","001357","Cycle 1","2018-12-26","123","12101-OYO80"
"80J7","6","5011","2","10031418C24A122","PAN SUB ASSY OIL NO.1","DCAA04","2018-12-24","001594","MA006","2018-12-24","001357","Cycle 1","2018-12-26","123","12101-OYO80"
"80J7","6","5011","2","10031418C24A123","PAN SUB ASSY OIL NO.1","DCAA04","2018-12-24","001594","MA006","2018-12-24","001357","Cycle 1","2018-12-26","123","12101-OYO80"
"80J7","6","5011","2","10031418C24A125","PAN SUB ASSY OIL NO.1","DCAA04","2018-12-24","001594","MA006","2018-12-24","001357","Cycle 1","2018-12-26","123","12101-OYO80"
"80J7","6","5011","2","10031418C24A126","PAN SUB ASSY OIL NO.1","DCAA04","2018-12-24","001594","MA007","2018-12-24","101357","Cycle 1","2018-12-26","123","12101-OYO80"
"80J7","6","5011","2","10031418C24A127","PAN SUB ASSY OIL NO.1","DCAA04","2018-12-24","001594","MA006","2018-12-24","001357","Cycle 1","2018-12-26","123","12101-OYO80"
"80J7","6","5011","2","10031418C24A129","PAN SUB ASSY OIL NO.1","DCAA04","2018-12-24","001594","MA007","2018-12-24","001540","Cycle 1","2018-12-26","123","12101-OYO80"
"80J7","6","5011","2","10031418C24A133","PAN SUB ASSY OIL NO.1","DCAA04","2018-12-24","001594","MA006","2018-12-24","001357","Cycle 1","2018-12-26","123","12101-OYO80"
"80J7","6","5011","2","10031418C24A134","PAN SUB ASSY OIL NO.1","DCAA04","2018-12-24","001594","MA006","2018-12-24","001357","Cycle 1","2018-12-26","123","12101-OYO80"
"80J7","6","5011","2","10031418C24A136","PAN SUB ASSY OIL NO.1","DCAA04","2018-12-24","001594","MA007","2018-12-24","101357","Cycle 1","2018-12-26","123","12101-OYO80"
"80J7","6","5011","2","10031418C24A135","PAN SUB ASSY OIL NO.1","DCAA04","2018-12-24","001594","MA007","2018-12-24","101357","Cycle 1","2018-12-26","123","12101-OYO80"
"80J7","6","5011","2","10031418C24A143","PAN SUB ASSY OIL NO.1","DCAA04","2018-12-24","001594","MA007","2018-12-24","101357","Cycle 1","2018-12-26","123","12101-OYO80"
"80J7","6","5011","2","10031418C24A145","PAN SUB ASSY OIL NO.1","DCAA04","2018-12-24","001594","MA007","2018-12-24","101357","Cycle 1","2018-12-26","123","12101-OYO80"
"80J7","6","5011","2","10031418C24A144","PAN SUB ASSY OIL NO.1","DCAA04","2018-12-24","001594","MA007","2018-12-24","101357","Cycle 1","2018-12-26","123","12101-OYO80"
"80J7","6","5011","2","10031418C24A147","PAN SUB ASSY OIL NO.1","DCAA04","2018-12-24","001594","MA007","2018-12-24","101357","Cycle 1","2018-12-26","123","12101-OYO80"
"80J7","6","5011","2","10031418C24A149","PAN SUB ASSY OIL NO.1","DCAA04","2018-12-24","001594","MA007","2018-12-24","101357","Cycle 1","2018-12-26","123","12101-OYO80"
"80J7","6","5011","2","10031418C24A151","PAN SUB ASSY OIL NO.1","DCAA04","2018-12-24","001594","MA007","2018-12-24","101357","Cycle 1","2018-12-26","123","12101-OYO80"
"80J7","6","5011","2","10031418C24A152","PAN SUB ASSY OIL NO.1","DCAA04","2018-12-24","001594","MA007","2018-12-24","101357","Cycle 1","2018-12-26","123","12101-OYO80"
"80J7","6","5011","2","10031418C24A153","PAN SUB ASSY OIL NO.1","DCAA04","2018-12-24","001594","MA007","2018-12-24","101357","Cycle 1","2018-12-26","123","12101-OYO80"
"80J7","6","5011","2","10031418C24A154","PAN SUB ASSY OIL NO.1","DCAA04","2018-12-24","001594","MA007","2018-12-24","101357","Cycle 1","2018-12-26","123","12101-OYO80"
"80J7","6","5011","2","10031418C24A156","PAN SUB ASSY OIL NO.1","DCAA04","2018-12-24","001594","MA007","2018-12-24","101357","Cycle 1","2018-12-26","123","12101-OYO80"
"80J7","6","5011","2","10031418C24A157","PAN SUB ASSY OIL NO.1","DCAA04","2018-12-24","001594","MA007","2018-12-24","101357","Cycle 1","2018-12-26","123","12101-OYO80"
"80J7","6","5011","2","10031418C24A158","PAN SUB ASSY OIL NO.1","DCAA04","2018-12-24","001594","MA007","2018-12-24","101357","Cycle 1","2018-12-26","123","12101-OYO80"
"80J7","6","5011","2","10031418C24A159","PAN SUB ASSY OIL NO.1","DCAA04","2018-12-24","001594","MA007","2018-12-24","101357","Cycle 1","2018-12-26","123","12101-OYO80"
"80J7","6","5011","2","10031418C24A160","PAN SUB ASSY OIL NO.1","DCAA04","2018-12-24","001594","MA007","2018-12-24","101357","Cycle 1","2018-12-26","123","12101-OYO80"
"80J7","6","5011","2","10031418C24A161","PAN SUB ASSY OIL NO.1","DCAA04","2018-12-24","001594","MA007","2018-12-24","101357","Cycle 1","2018-12-26","123","12101-OYO80"
"80J7","6","5011","2","10031418C24A162","PAN SUB ASSY OIL NO.1","DCAA04","2018-12-24","001594","MA007","2018-12-24","101357","Cycle 1","2018-12-26","123","12101-OYO80"
"80J7","6","5011","2","10031418C24A164","PAN SUB ASSY OIL NO.1","DCAA04","2018-12-24","001594","MA007","2018-12-24","101357","Cycle 1","2018-12-26","123","12101-OYO80"
"80J7","6","5011","2","10031418C24A165","PAN SUB ASSY OIL NO.1","DCAA04","2018-12-24","001594","MA007","2018-12-24","101357","Cycle 1","2018-12-26","123","12101-OYO80"
"80J7","6","5011","2","10031418C24A167","PAN SUB ASSY OIL NO.1","DCAA04","2018-12-24","001594","MA007","2018-12-24","101357","Cycle 1","2018-12-26","123","12101-OYO80"
"80J7","6","5011","2","10031418C24A168","PAN SUB ASSY OIL NO.1","DCAA04","2018-12-24","001594","MA007","2018-12-24","101357","Cycle 2","2018-12-26","123","12101-OYO80"
"80J7","6","5011","2","10031418C24A169","PAN SUB ASSY OIL NO.1","DCAA04","2018-12-24","001594","MA007","2018-12-24","101357","Cycle 1","2018-12-26","123","12101-OYO80"
"80J7","6","5011","2","10031418C24A170","PAN SUB ASSY OIL NO.1","DCAA04","2018-12-24","001594","MA007","2018-12-24","101357","Cycle 1","2018-12-26","123","12101-OYO80"
"80J7","6","5011","2","10031418C24A175","PAN SUB ASSY OIL NO.1","DCAA04","2018-12-24","001594","MA007","2018-12-24","101357","Cycle 1","2018-12-26","123","12101-OYO80"
"80J7","6","5011","2","10031418C24A176","PAN SUB ASSY OIL NO.1","DCAA04","2018-12-24","001594","MA007","2018-12-24","101357","Cycle 1","2018-12-26","123","12101-OYO80"
"80J7","6","5011","2","10031418C24A178","PAN SUB ASSY OIL NO.1","DCAA04","2018-12-24","001594","MA007","2018-12-24","101357","Cycle 1","2018-12-26","123","12101-OYO80"
"80J7","6","5011","2","10031418C24A180","PAN SUB ASSY OIL NO.1","DCAA04","2018-12-24","001594","MA007","2018-12-24","101357","Cycle 1","2018-12-26","123","12101-OYO80"
"80J7","6","5011","2","10031418C24A181","PAN SUB ASSY OIL NO.1","DCAA04","2018-12-24","001594","MA007","2018-12-24","101357","Cycle 1","2018-12-26","123","12101-OYO80"
"80J7","6","5011","2","10031418C24A182","PAN SUB ASSY OIL NO.1","DCAA04","2018-12-24","001594","MA007","2018-12-24","101357","Cycle 1","2018-12-26","123","12101-OYO80"
"80J7","6","5011","2","10031418C24A183","PAN SUB ASSY OIL NO.1","DCAA04","2018-12-24","001594","MA007","2018-12-24","101357","Cycle 1","2018-12-26","123","12101-OYO80"
"80J7","6","5011","2","10031418C24A185","PAN SUB ASSY OIL NO.1","DCAA04","2018-12-24","001594","MA007","2018-12-24","101357","Cycle 1","2018-12-26","123","12101-OYO80"
"80J7","6","5011","2","10031418C24A186","PAN SUB ASSY OIL NO.1","DCAA04","2018-12-24","001594","MA007","2018-12-24","101357","Cycle 2","2018-12-26","123","12101-OYO80"
"80J7","6","5011","2","10031418C24A187","PAN SUB ASSY OIL NO.1","DCAA04","2018-12-24","001594","MA007","2018-12-26","001540","Cycle 2","2018-12-26","123","12101-OYO80"
"80J7","6","5011","2","10031418C24A188","PAN SUB ASSY OIL NO.1","DCAA04","2018-12-24","001594","MA007","2018-12-24","101357","Cycle 1","2018-12-26","123","12101-OYO80"
"80J7","6","5011","2","10031418C24A189","PAN SUB ASSY OIL NO.1","DCAA04","2018-12-24","001594","MA007","2018-12-24","101357","Cycle 1","2018-12-26","123","12101-OYO80"
"80J7","6","5011","2","10031418C24A190","PAN SUB ASSY OIL NO.1","DCAA04","2018-12-24","001594","MA007","2018-12-24","101357","Cycle 1","2018-12-26","123","12101-OYO80"
"80J7","6","5011","2","10031418C24A192","PAN SUB ASSY OIL NO.1","DCAA04","2018-12-24","001594","MA007","2018-12-24","101357","Cycle 1","2018-12-26","123","12101-OYO80"
"80J7","6","5011","2","10031418C24A194","PAN SUB ASSY OIL NO.1","DCAA04","2018-12-24","001594","MA007","2018-12-26","001540","Cycle 2","2018-12-26","123","12101-OYO80"
"80J7","6","5011","2","10031418C24A197","PAN SUB ASSY OIL NO.1","DCAA04","2018-12-24","001594","MA007","2018-12-24","101357","Cycle 1","2018-12-26","123","12101-OYO80"
"80J7","6","5011","2","10031418C24A198","PAN SUB ASSY OIL NO.1","DCAA04","2018-12-24","001594","MA007","2018-12-24","101357","Cycle 2","2018-12-26","123","12101-OYO80"
"80J7","6","5011","2","10031418C24A201","PAN SUB ASSY OIL NO.1","DCAA04","2018-12-24","001594","MA007","2018-12-26","001540","Cycle 2","2018-12-26","123","12101-OYO80"
"80J7","6","5011","2","10031418C24A202","PAN SUB ASSY OIL NO.1","DCAA04","2018-12-24","001594","MA007","2018-12-24","101357","Cycle 2","2018-12-26","123","12101-OYO80"
"80J7","6","5011","2","10031418C24A203","PAN SUB ASSY OIL NO.1","DCAA04","2018-12-24","001594","MA007","2018-12-24","101357","Cycle 2","2018-12-26","123","12101-OYO80"
"80J7","6","5011","2","10031418C24A207","PAN SUB ASSY OIL NO.1","DCAA04","2018-12-24","001594","MA007","2018-12-26","001540","Cycle 2","2018-12-26","123","12101-OYO80"
"80J7","6","5011","2","10031418C24A209","PAN SUB ASSY OIL NO.1","DCAA04","2018-12-24","001594","MA007","2018-12-26","001540","Cycle 2","2018-12-26","123","12101-OYO80"
"80J7","6","5011","2","10031418C24A211","PAN SUB ASSY OIL NO.1","DCAA04","2018-12-24","001594","MA007","2018-12-26","001540","Cycle 2","2018-12-26","123","12101-OYO80"
"80J7","6","5011","2","10031418C24A212","PAN SUB ASSY OIL NO.1","DCAA04","2018-12-24","001594","MA007","2018-12-24","101357","Cycle 2","2018-12-26","123","12101-OYO80"
"80J7","6","5011","2","10031418C24A213","PAN SUB ASSY OIL NO.1","DCAA04","2018-12-24","001594","MA007","2018-12-26","001540","Cycle 2","2018-12-26","123","12101-OYO80"
"80J7","6","5011","2","10031418C24A214","PAN SUB ASSY OIL NO.1","DCAA04","2018-12-24","001594","MA007","2018-12-26","001540","Cycle 2","2018-12-26","123","12101-OYO80"
"80J7","6","5011","2","10031418C24A216","PAN SUB ASSY OIL NO.1","DCAA04","2018-12-24","001594","MA007","2018-12-24","101357","Cycle 2","2018-12-26","123","12101-OYO80"
"80J7","6","5011","2","10031418C24A218","PAN SUB ASSY OIL NO.1","DCAA04","2018-12-24","001594","MA007","2018-12-26","001540","Cycle 2","2018-12-26","123","12101-OYO80"
"80J7","6","5011","2","10031418C24A220","PAN SUB ASSY OIL NO.1","DCAA04","2018-12-24","001594","MA007","2018-12-26","001540","Cycle 2","2018-12-26","123","12101-OYO80"
"80J7","6","5011","2","10031418C24A222","PAN SUB ASSY OIL NO.1","DCAA04","2018-12-24","001594","MA007","2018-12-26","001540","Cycle 2","2018-12-26","123","12101-OYO80"
"80J7","6","5011","2","10031418C24A224","PAN SUB ASSY OIL NO.1","DCAA04","2018-12-24","001594","MA007","2018-12-26","001540","Cycle 2","2018-12-26","123","12101-OYO80"
"80J7","6","5011","2","10031418C24A225","PAN SUB ASSY OIL NO.1","DCAA04","2018-12-24","001594","MA007","2018-12-26","001540","Cycle 2","2018-12-26","123","12101-OYO80"
"80J7","6","5011","2","10031418C24A227","PAN SUB ASSY OIL NO.1","DCAA04","2018-12-24","001594","MA007","2018-12-24","101357","Cycle 2","2018-12-26","123","12101-OYO80"
"80J7","6","5011","2","10031418C24A229","PAN SUB ASSY OIL NO.1","DCAA04","2018-12-24","001594","MA006","2018-12-26","001357","Cycle 2","2018-12-26","123","12101-OYO80"
"80J7","6","5011","2","10031418C24A230","PAN SUB ASSY OIL NO.1","DCAA04","2018-12-24","001594","MA007","2018-12-26","001540","Cycle 2","2018-12-26","123","12101-OYO80"
"80J7","6","5011","2","10031418C24A231","PAN SUB ASSY OIL NO.1","DCAA04","2018-12-24","001594","MA007","2018-12-26","001540","Cycle 2","2018-12-26","123","12101-OYO80"
"80J7","6","5011","2","10031418C24A236","PAN SUB ASSY OIL NO.1","DCAA04","2018-12-24","001594","MA007","2018-12-26","001540","Cycle 2","2018-12-26","123","12101-OYO80"
"80J7","6","5011","2","10031418C24A237","PAN SUB ASSY OIL NO.1","DCAA04","2018-12-24","001594","MA007","2018-12-26","001540","Cycle 2","2018-12-26","123","12101-OYO80"
"80J7","6","5011","2","10031418C24A239","PAN SUB ASSY OIL NO.1","DCAA04","2018-12-24","001594","MA007","2018-12-26","001540","Cycle 2","2018-12-26","123","12101-OYO80"
"80J7","6","5011","2","10031418C24A240","PAN SUB ASSY OIL NO.1","DCAA04","2018-12-24","001594","MA007","2018-12-26","001540","Cycle 2","2018-12-26","123","12101-OYO80"
"80J7","6","5011","2","10031418C24A241","PAN SUB ASSY OIL NO.1","DCAA04","2018-12-24","001594","MA007","2018-12-26","001540","Cycle 2","2018-12-26","123","12101-OYO80"
"80J7","6","5011","2","10031418C24A242","PAN SUB ASSY OIL NO.1","DCAA04","2018-12-24","001594","MA007","2018-12-26","001540","Cycle 2","2018-12-26","123","12101-OYO80"
"80J7","6","5011","2","10031418C24A243","PAN SUB ASSY OIL NO.1","DCAA04","2018-12-24","001594","MA007","2018-12-26","001540","Cycle 2","2018-12-26","123","12101-OYO80"
"80J7","6","5011","2","10031418C24A244","PAN SUB ASSY OIL NO.1","DCAA04","2018-12-24","001594","MA007","2018-12-26","001540","Cycle 2","2018-12-26","123","12101-OYO80"
"80J7","6","5011","2","10031418C24A245","PAN SUB ASSY OIL NO.1","DCAA04","2018-12-24","001594","MA007","2018-12-26","001540","Cycle 2","2018-12-26","123","12101-OYO80"
"80J7","6","5011","2","10031418C24A248","PAN SUB ASSY OIL NO.1","DCAA04","2018-12-24","001594","MA007","2018-12-26","001540","Cycle 2","2018-12-26","123","12101-OYO80"
"80J7","6","5011","2","10031418C24A249","PAN SUB ASSY OIL NO.1","DCAA04","2018-12-24","001594","MA006","2018-12-26","001357","Cycle 2","2018-12-26","123","12101-OYO80"
"80J7","6","5011","2","10031418C24A250","PAN SUB ASSY OIL NO.1","DCAA04","2018-12-24","001594","MA007","2018-12-26","001540","Cycle 2","2018-12-26","123","12101-OYO80"
"80J7","6","5011","2","10031418C24A251","PAN SUB ASSY OIL NO.1","DCAA04","2018-12-24","001594","MA006","2018-12-26","001357","Cycle 2","2018-12-26","123","12101-OYO80"
"80J7","6","5011","2","10031418C24A252","PAN SUB ASSY OIL NO.1","DCAA04","2018-12-24","001594","MA006","2018-12-26","001357","Cycle 2","2018-12-26","123","12101-OYO80"
"80J7","6","5011","2","10031418C24A253","PAN SUB ASSY OIL NO.1","DCAA04","2018-12-24","001594","MA006","2018-12-26","001357","Cycle 2","2018-12-26","123","12101-OYO80"
"80J7","6","5011","2","10031418C24A257","PAN SUB ASSY OIL NO.1","DCAA04","2018-12-24","001594","MA006","2018-12-26","001357","Cycle 2","2018-12-26","123","12101-OYO80"
"80J7","6","5011","2","10031418C24A260","PAN SUB ASSY OIL NO.1","DCAA04","2018-12-24","001594","MA006","2018-12-26","001357","Cycle 2","2018-12-26","123","12101-OYO80"
"80J7","6","5011","2","10031418C24A262","PAN SUB ASSY OIL NO.1","DCAA04","2018-12-24","001594","MA006","2018-12-26","001357","Cycle 2","2018-12-26","123","12101-OYO80"
"80J7","6","5011","2","10031418C24A266","PAN SUB ASSY OIL NO.1","DCAA04","2018-12-24","001594","MA006","2018-12-26","001357","Cycle 2","2018-12-26","123","12101-OYO80"
"80J7","6","5011","2","10031418C24A267","PAN SUB ASSY OIL NO.1","DCAA04","2018-12-24","001594","MA006","2018-12-26","001357","Cycle 2","2018-12-26","123","12101-OYO80"
"80J7","6","5011","2","10031418C24A268","PAN SUB ASSY OIL NO.1","DCAA04","2018-12-24","001594","MA006","2018-12-26","001357","Cycle 2","2018-12-26","123","12101-OYO80"
"80J7","6","5011","2","10031418C24A269","PAN SUB ASSY OIL NO.1","DCAA04","2018-12-24","001594","MA006","2018-12-26","001357","Cycle 2","2018-12-26","123","12101-OYO80"
"80J7","6","5011","2","10031418C24A270","PAN SUB ASSY OIL NO.1","DCAA04","2018-12-24","001594","MA006","2018-12-26","001357","Cycle 2","2018-12-26","123","12101-OYO80"
"80J7","6","5011","2","10031418C24A271","PAN SUB ASSY OIL NO.1","DCAA04","2018-12-24","001594","MA006","2018-12-26","001357","Cycle 2","2018-12-26","123","12101-OYO80"
"80J7","6","5011","2","10031418C24A272","PAN SUB ASSY OIL NO.1","DCAA04","2018-12-24","001594","MA006","2018-12-26","001357","Cycle 2","2018-12-26","123","12101-OYO80"
"80J7","6","5011","2","10031418C24A273","PAN SUB ASSY OIL NO.1","DCAA04","2018-12-24","001594","MA006","2018-12-26","001357","Cycle 2","2018-12-26","123","12101-OYO80"
"80J7","6","5011","2","10031418C24A274","PAN SUB ASSY OIL NO.1","DCAA04","2018-12-24","001594","MA006","2018-12-26","001357","Cycle 2","2018-12-26","123","12101-OYO80"
"80J7","6","5011","2","10031418C24A275","PAN SUB ASSY OIL NO.1","DCAA04","2018-12-24","001594","MA006","2018-12-26","001357","Cycle 3","2018-12-27","123","12101-OYO80"
"80J7","6","5011","2","10031418C24A278","PAN SUB ASSY OIL NO.1","DCAA04","2018-12-24","001594","MA006","2018-12-26","001357","Cycle 2","2018-12-26","123","12101-OYO80"
"80J7","6","5011","2","10031418C24A279","PAN SUB ASSY OIL NO.1","DCAA04","2018-12-24","001594","MA006","2018-12-26","001357","Cycle 2","2018-12-26","123","12101-OYO80"
"80J7","6","5011","2","10031418C24A280","PAN SUB ASSY OIL NO.1","DCAA04","2018-12-24","001594","MA006","2018-12-26","001357","Cycle 2","2018-12-26","123","12101-OYO80"
"80J7","6","5011","2","10031418C24A282","PAN SUB ASSY OIL NO.1","DCAA04","2018-12-24","001594","MA006","2018-12-26","001357","Cycle 2","2018-12-26","123","12101-OYO80"
"80J7","6","5011","2","10031418C24A287","PAN SUB ASSY OIL NO.1","DCAA04","2018-12-24","001594","MA006","2018-12-26","001357","Cycle 2","2018-12-26","123","12101-OYO80"
"80J7","6","5011","2","10031418C24A288","PAN SUB ASSY OIL NO.1","DCAA04","2018-12-24","001594","MA006","2018-12-26","001357","Cycle 2","2018-12-26","123","12101-OYO80"
"80J7","6","5011","2","10031418C24A290","PAN SUB ASSY OIL NO.1","DCAA04","2018-12-24","001594","MA006","2018-12-26","001357","Cycle 2","2018-12-26","123","12101-OYO80"
"80J7","6","5011","2","10031418C24A292","PAN SUB ASSY OIL NO.1","DCAA04","2018-12-24","001594","MA006","2018-12-26","001357","Cycle 2","2018-12-26","123","12101-OYO80"
"80J7","6","5011","2","10031418C24A293","PAN SUB ASSY OIL NO.1","DCAA04","2018-12-24","001594","MA006","2018-12-26","001357","Cycle 2","2018-12-26","123","12101-OYO80"
"80J7","6","5011","2","10031418C24A294","PAN SUB ASSY OIL NO.1","DCAA04","2018-12-24","001594","MA006","2018-12-26","001357","Cycle 2","2018-12-26","123","12101-OYO80"
"80J7","6","5011","2","10031418C24A291","PAN SUB ASSY OIL NO.1","DCAA04","2018-12-24","001594","MA006","2018-12-26","001357","Cycle 2","2018-12-26","123","12101-OYO80"
"80J7","6","5011","2","10011418C26A022","PAN SUB ASSY OIL NO.1","DCAA04","2018-12-26","001594","MA006","2018-12-26","001357","Cycle 3","2018-12-27","123","12101-OYO80"
"80J7","6","5011","2","10011418C26A026","PAN SUB ASSY OIL NO.1","DCAA04","2018-12-26","001594","MA006","2018-12-26","001357","Cycle 3","2018-12-27","123","12101-OYO80"
"80J7","6","5011","2","10011418C26A030","PAN SUB ASSY OIL NO.1","DCAA04","2018-12-26","001594","MA006","2018-12-26","001357","Cycle 3","2018-12-27","123","12101-OYO80"
"80J7","6","5011","2","10011418C26A031","PAN SUB ASSY OIL NO.1","DCAA04","2018-12-26","001594","MA006","2018-12-26","001357","Cycle 3","2018-12-27","123","12101-OYO80"
"80J7","6","5011","2","10011418C26A034","PAN SUB ASSY OIL NO.1","DCAA04","2018-12-26","001594","MA006","2018-12-26","001357","Cycle 3","2018-12-27","123","12101-OYO80"
"80J7","6","5011","2","10011418C26A035","PAN SUB ASSY OIL NO.1","DCAA04","2018-12-26","001594","MA006","2018-12-26","001357","Cycle 3","2018-12-27","123","12101-OYO80"
"80J7","6","5011","2","10011418C26A055","PAN SUB ASSY OIL NO.1","DCAA04","2018-12-26","001594","MA006","2018-12-26","001357","Cycle 3","2018-12-27","123","12101-OYO80"
"80J7","6","5011","2","10011418C26A058","PAN SUB ASSY OIL NO.1","DCAA04","2018-12-26","001594","MA006","2018-12-26","001357","Cycle 3","2018-12-27","123","12101-OYO80"
"80J7","6","5011","2","10011418C26A060","PAN SUB ASSY OIL NO.1","DCAA04","2018-12-26","001594","MA006","2018-12-26","001357","Cycle 3","2018-12-27","123","12101-OYO80"
"80J7","6","5011","2","10011418C26A061","PAN SUB ASSY OIL NO.1","DCAA04","2018-12-26","001594","MA006","2018-12-26","001357","Cycle 3","2018-12-27","123","12101-OYO80"
"80J7","6","5011","2","10011418C26A062","PAN SUB ASSY OIL NO.1","DCAA04","2018-12-26","001594","MA006","2018-12-26","001357","Cycle 3","2018-12-27","123","12101-OYO80"
"80J7","6","5011","2","10011418C26A063","PAN SUB ASSY OIL NO.1","DCAA04","2018-12-26","001594","MA006","2018-12-26","001357","Cycle 3","2018-12-27","123","12101-OYO80"
"80J7","6","5011","2","10011418C26A064","PAN SUB ASSY OIL NO.1","DCAA04","2018-12-26","001594","MA006","2018-12-26","001357","Cycle 3","2018-12-27","123","12101-OYO80"
"80J7","6","5011","2","10011418C26A065","PAN SUB ASSY OIL NO.1","DCAA04","2018-12-26","001594","MA006","2018-12-26","001357","Cycle 3","2018-12-27","123","12101-OYO80"
"80J7","6","5011","2","10011418C26A066","PAN SUB ASSY OIL NO.1","DCAA04","2018-12-26","001594","MA006","2018-12-26","001357","Cycle 3","2018-12-27","123","12101-OYO80"
"80J7","6","5011","2","10011418C26A067","PAN SUB ASSY OIL NO.1","DCAA04","2018-12-26","001594","MA006","2018-12-26","001357","Cycle 3","2018-12-27","123","12101-OYO80"
"80J7","6","5011","2","10011418C26A069","PAN SUB ASSY OIL NO.1","DCAA04","2018-12-26","001594","MA006","2018-12-26","001357","Cycle 1","2018-12-26","123","12101-OYO80"
"80J7","6","5011","2","10011418C26A070","PAN SUB ASSY OIL NO.1","DCAA04","2018-12-26","001594","MA006","2018-12-26","001357","Cycle 3","2018-12-27","123","12101-OYO80"
"80J7","6","5011","2","10011418C26A071","PAN SUB ASSY OIL NO.1","DCAA04","2018-12-26","001594","MA006","2018-12-26","001357","Cycle 3","2018-12-27","123","12101-OYO80"
"80J7","6","5011","2","10011418C26A072","PAN SUB ASSY OIL NO.1","DCAA04","2018-12-26","001594","MA006","2018-12-26","001357","Cycle 3","2018-12-27","123","12101-OYO80"
"80J7","6","5011","2","10011418C26A073","PAN SUB ASSY OIL NO.1","DCAA04","2018-12-26","001594","MA006","2018-12-26","001357","Cycle 3","2018-12-27","123","12101-OYO80"
"80J7","6","5011","2","10011418C26A074","PAN SUB ASSY OIL NO.1","DCAA04","2018-12-26","001594","MA006","2018-12-26","001357","Cycle 3","2018-12-27","123","12101-OYO80"
"80J7","6","5011","2","10011418C26A075","PAN SUB ASSY OIL NO.1","DCAA04","2018-12-26","001594","MA006","2018-12-26","001357","Cycle 1","2018-12-26","123","12101-OYO80"
"80J7","6","5011","2","10011418C26A076","PAN SUB ASSY OIL NO.1","DCAA04","2018-12-26","001594","MA006","2018-12-26","001357","Cycle 3","2018-12-27","123","12101-OYO80"
"80J7","6","5011","2","10011418C26A077","PAN SUB ASSY OIL NO.1","DCAA04","2018-12-26","001594","MA006","2018-12-26","001357","Cycle 3","2018-12-27","123","12101-OYO80"
"80J7","6","5011","2","10011418C26A078","PAN SUB ASSY OIL NO.1","DCAA04","2018-12-26","001594","MA006","2018-12-26","001357","Cycle 3","2018-12-27","123","12101-OYO80"
"80J7","6","5011","2","10011418C26A079","PAN SUB ASSY OIL NO.1","DCAA04","2018-12-26","001594","MA006","2018-12-26","001357","Cycle 3","2018-12-27","123","12101-OYO80"
"80J7","6","5011","2","10011418C26A080","PAN SUB ASSY OIL NO.1","DCAA04","2018-12-26","001594","MA006","2018-12-26","001357","Cycle 3","2018-12-27","123","12101-OYO80"
"80J7","6","5011","2","10011418C26A081","PAN SUB ASSY OIL NO.1","DCAA04","2018-12-26","001594","MA006","2018-12-26","001357","Cycle 3","2018-12-27","123","12101-OYO80"
"80J7","6","5011","2","10011418C26A082","PAN SUB ASSY OIL NO.1","DCAA04","2018-12-26","001594","MA006","2018-12-26","001357","Cycle 1","2018-12-26","123","12101-OYO80"
"80J7","6","5011","2","10011418C26A083","PAN SUB ASSY OIL NO.1","DCAA04","2018-12-26","001594","MA006","2018-12-26","001357","Cycle 4","2018-12-27","123","12101-OYO80"
"80J7","6","5011","2","10011418C26A084","PAN SUB ASSY OIL NO.1","DCAA04","2018-12-26","001594","MA006","2018-12-26","001357","Cycle 1","2018-12-26","123","12101-OYO80"
"80J7","6","5011","2","10011418C26A086","PAN SUB ASSY OIL NO.1","DCAA04","2018-12-26","001594","MA006","2018-12-26","001357","Cycle 4","2018-12-27","123","12101-OYO80"
"80J7","6","5011","2","10011418C26A087","PAN SUB ASSY OIL NO.1","DCAA04","2018-12-26","001594","MA006","2018-12-26","001357","Cycle 1","2018-12-26","123","12101-OYO80"
"80J7","6","5011","2","10011418C26A088","PAN SUB ASSY OIL NO.1","DCAA04","2018-12-26","001594","MA006","2018-12-26","001357","Cycle 3","2018-12-27","123","12101-OYO80"
"80J7","6","5011","2","10011418C26A089","PAN SUB ASSY OIL NO.1","DCAA04","2018-12-26","001594","MA006","2018-12-26","001357","Cycle 3","2018-12-27","123","12101-OYO80"
"80J7","6","5011","2","10011418C26A090","PAN SUB ASSY OIL NO.1","DCAA04","2018-12-26","001594","MA006","2018-12-26","001357","Cycle 4","2018-12-27","123","12101-OYO80"
"80J7","6","5011","2","10011418C26A091","PAN SUB ASSY OIL NO.1","DCAA04","2018-12-26","001594","MA006","2018-12-26","001357","Cycle 4","2018-12-27","123","12101-OYO80"
"80J7","6","5011","2","10011418C26A092","PAN SUB ASSY OIL NO.1","DCAA04","2018-12-26","001594","MA006","2018-12-26","001357","Cycle 4","2018-12-27","123","12101-OYO80"
"80J7","6","5011","2","10011418C26A093","PAN SUB ASSY OIL NO.1","DCAA04","2018-12-26","001594","MA006","2018-12-26","001357","Cycle 3","2018-12-27","123","12101-OYO80"
"80J7","6","5011","2","10011418C26A094","PAN SUB ASSY OIL NO.1","DCAA04","2018-12-26","001594","MA006","2018-12-26","001357","Cycle 4","2018-12-27","123","12101-OYO80"
"80J7","6","5011","2","10011418C26A096","PAN SUB ASSY OIL NO.1","DCAA04","2018-12-26","001594","MA006","2018-12-26","001357","Cycle 4","2018-12-27","123","12101-OYO80"
"80J7","6","5011","2","10011418C26A097","PAN SUB ASSY OIL NO.1","DCAA04","2018-12-26","001594","MA006","2018-12-26","001357","Cycle 4","2018-12-27","123","12101-OYO80"
"80J7","6","5011","2","10011418C26A098","PAN SUB ASSY OIL NO.1","DCAA04","2018-12-26","001594","MA006","2018-12-26","001357","Cycle 1","2018-12-26","123","12101-OYO80"
"80J7","6","5011","2","10011418C26A099","PAN SUB ASSY OIL NO.1","DCAA04","2018-12-26","001594","MA006","2018-12-26","001357","Cycle 3","2018-12-27","123","12101-OYO80"
"80J7","6","5011","2","10011418C26A100","PAN SUB ASSY OIL NO.1","DCAA04","2018-12-26","001594","MA006","2018-12-26","001357","Cycle 4","2018-12-27","123","12101-OYO80"
"80J7","6","5011","2","10011418C26A101","PAN SUB ASSY OIL NO.1","DCAA04","2018-12-26","001594","MA006","2018-12-26","001357","Cycle 4","2018-12-27","123","12101-OYO80"
"80J7","6","5011","2","10011418C26A102","PAN SUB ASSY OIL NO.1","DCAA04","2018-12-26","001594","MA006","2018-12-26","001357","Cycle 3","2018-12-27","123","12101-OYO80"
"80J7","6","5011","2","10011418C26A103","PAN SUB ASSY OIL NO.1","DCAA04","2018-12-26","001594","MA006","2018-12-26","001357","Cycle 4","2018-12-27","123","12101-OYO80"
"80J7","6","5011","2","10011418C26A104","PAN SUB ASSY OIL NO.1","DCAA04","2018-12-26","001594","MA006","2018-12-26","001357","Cycle 3","2018-12-27","123","12101-OYO80"
"80J7","6","5011","2","10011418C26A105","PAN SUB ASSY OIL NO.1","DCAA04","2018-12-26","001594","MA006","2018-12-26","001357","Cycle 4","2018-12-27","123","12101-OYO80"
"80J7","6","5011","2","10011418C26A106","PAN SUB ASSY OIL NO.1","DCAA04","2018-12-26","001594","MA006","2018-12-26","001357","Cycle 4","2018-12-27","123","12101-OYO80"
"80J7","6","5011","2","10011418C26A107","PAN SUB ASSY OIL NO.1","DCAA04","2018-12-26","001594","MA006","2018-12-26","001357","Cycle 4","2018-12-27","123","12101-OYO80"
"80J7","6","5011","2","10011418C26A108","PAN SUB ASSY OIL NO.1","DCAA04","2018-12-26","001594","MA006","2018-12-26","001357","Cycle 3","2018-12-27","123","12101-OYO80"
"80J7","6","5011","2","10011418C26A110","PAN SUB ASSY OIL NO.1","DCAA04","2018-12-26","001594","MA006","2018-12-26","001357","Cycle 4","2018-12-27","123","12101-OYO80"
"80J7","6","5011","2","10011418C26A111","PAN SUB ASSY OIL NO.1","DCAA04","2018-12-26","001594","MA006","2018-12-26","001357","Cycle 4","2018-12-27","123","12101-OYO80"
"80J7","6","5011","2","10011418C26A112","PAN SUB ASSY OIL NO.1","DCAA04","2018-12-26","001594","MA006","2018-12-26","001357","Cycle 4","2018-12-27","123","12101-OYO80"
"80J7","6","5011","2","10011418C26A113","PAN SUB ASSY OIL NO.1","DCAA04","2018-12-26","001594","MA006","2018-12-26","001357","Cycle 4","2018-12-27","123","12101-OYO80"
"80J7","6","5011","2","10011418C26A114","PAN SUB ASSY OIL NO.1","DCAA04","2018-12-26","001594","MA006","2018-12-26","001357","Cycle 4","2018-12-27","123","12101-OYO80"
"80J7","6","5011","2","10011418C26A115","PAN SUB ASSY OIL NO.1","DCAA04","2018-12-26","001594","MA006","2018-12-26","001357","Cycle 3","2018-12-27","123","12101-OYO80"
"80J7","6","5011","2","10011418C26A116","PAN SUB ASSY OIL NO.1","DCAA04","2018-12-26","001594","MA006","2018-12-26","001357","Cycle 4","2018-12-27","123","12101-OYO80"
"80J7","6","5011","2","10011418C26A117","PAN SUB ASSY OIL NO.1","DCAA04","2018-12-26","001594","MA006","2018-12-26","001357","Cycle 4","2018-12-27","123","12101-OYO80"
"80J7","6","5011","2","10011418C26A119","PAN SUB ASSY OIL NO.1","DCAA04","2018-12-26","001594","MA006","2018-12-26","001357","Cycle 4","2018-12-27","123","12101-OYO80"
"80J7","6","5011","2","10011418C26A121","PAN SUB ASSY OIL NO.1","DCAA04","2018-12-26","001594","MA006","2018-12-26","001357","Cycle 4","2018-12-27","123","12101-OYO80"
"80J7","6","5011","2","10011418C26A122","PAN SUB ASSY OIL NO.1","DCAA04","2018-12-26","001594","MA006","2018-12-26","001357","Cycle 4","2018-12-27","123","12101-OYO80"
"80J7","6","5011","2","10011418C26A132","PAN SUB ASSY OIL NO.1","DCAA04","2018-12-26","001594","MA006","2018-12-26","001357","Cycle 4","2018-12-27","123","12101-OYO80"
"80J7","6","5011","2","10011418C26A134","PAN SUB ASSY OIL NO.1","DCAA04","2018-12-26","001594","MA006","2018-12-26","001357","Cycle 4","2018-12-27","123","12101-OYO80"
"80J7","6","5011","2","10011418C26A135","PAN SUB ASSY OIL NO.1","DCAA04","2018-12-26","001594","MA006","2018-12-26","001357","Cycle 4","2018-12-27","123","12101-OYO80"
"80J7","6","5011","2","10011418C26A137","PAN SUB ASSY OIL NO.1","DCAA04","2018-12-26","001594","MA006","2018-12-26","001357","Cycle 4","2018-12-27","123","12101-OYO80"
"80J7","6","5011","2","10011418C26A139","PAN SUB ASSY OIL NO.1","DCAA04","2018-12-26","001594","MA006","2018-12-26","001357","Cycle 4","2018-12-27","123","12101-OYO80"
"80J7","6","5011","2","10011418C26A142","PAN SUB ASSY OIL NO.1","DCAA04","2018-12-26","001594","MA006","2018-12-26","001357","Cycle 4","2018-12-27","123","12101-OYO80"
"80J7","6","5011","2","10011418C26A144","PAN SUB ASSY OIL NO.1","DCAA04","2018-12-26","001594","MA006","2018-12-26","001357","Cycle 4","2018-12-27","123","12101-OYO80"
"80J7","6","5011","2","10011418C26A145","PAN SUB ASSY OIL NO.1","DCAA04","2018-12-26","001594","MA006","2018-12-26","001357","Cycle 4","2018-12-27","123","12101-OYO80"
"80J7","6","5011","2","10011418C26A146","PAN SUB ASSY OIL NO.1","DCAA04","2018-12-26","001594","MA006","2018-12-26","001357","Cycle 4","2018-12-27","123","12101-OYO80"
"80J7","6","5011","2","10011418C26A147","PAN SUB ASSY OIL NO.1","DCAA04","2018-12-26","001594","MA006","2018-12-26","001357","Cycle 4","2018-12-27","123","12101-OYO80"
"80J7","6","5011","2","10011418C26A148","PAN SUB ASSY OIL NO.1","DCAA04","2018-12-26","001594","MA006","2018-12-26","001357","Cycle 4","2018-12-27","123","12101-OYO80"
"80J7","6","5011","2","10011418C26A149","PAN SUB ASSY OIL NO.1","DCAA04","2018-12-26","001594","MA006","2018-12-26","001357","Cycle 4","2018-12-27","123","12101-OYO80"
"80J7","6","5011","2","10011418C26A151","PAN SUB ASSY OIL NO.1","DCAA04","2018-12-26","001594","MA006","2018-12-26","001357","Cycle 4","2018-12-27","123","12101-OYO80"
"80J7","6","5011","2","10011418C26A152","PAN SUB ASSY OIL NO.1","DCAA04","2018-12-26","001594","MA006","2018-12-26","001357","Cycle 4","2018-12-27","123","12101-OYO80"
"80J7","6","5011","2","10011418C26A153","PAN SUB ASSY OIL NO.1","DCAA04","2018-12-26","001594","MA006","2018-12-26","001357","Cycle 4","2018-12-27","123","12101-OYO80"
"80J7","6","5011","2","10011418C26A154","PAN SUB ASSY OIL NO.1","DCAA04","2018-12-26","001594","MA006","2018-12-26","001357","Cycle 4","2018-12-27","123","12101-OYO80"
"80J7","6","5011","2","10011418C26A155","PAN SUB ASSY OIL NO.1","DCAA04","2018-12-26","001594","MA006","2018-12-26","001357","Cycle 4","2018-12-27","123","12101-OYO80"
"80J7","6","5011","2","10011418C26A157","PAN SUB ASSY OIL NO.1","DCAA04","2018-12-26","001594","MA006","2018-12-26","001357","Cycle 4","2018-12-27","123","12101-OYO80"
"80J7","6","5011","2","10011418C26A158","PAN SUB ASSY OIL NO.1","DCAA04","2018-12-26","001594","MA006","2018-12-26","001357","Cycle 5","2018-12-27","123","12101-OYO80"
"80J7","6","5011","2","10011418C26A159","PAN SUB ASSY OIL NO.1","DCAA04","2018-12-26","001594","MA006","2018-12-26","001357","Cycle 5","2018-12-27","123","12101-OYO80"
"80J7","6","5011","2","10011418C26A160","PAN SUB ASSY OIL NO.1","DCAA04","2018-12-26","001594","MA006","2018-12-26","001357","Cycle 5","2018-12-27","123","12101-OYO80"
"80J7","6","5011","2","10011418C26A161","PAN SUB ASSY OIL NO.1","DCAA04","2018-12-26","001594","MA006","2018-12-26","001357","Cycle 4","2018-12-27","123","12101-OYO80"
"80J7","6","5011","2","10011418C26A162","PAN SUB ASSY OIL NO.1","DCAA04","2018-12-26","001594","MA006","2018-12-26","001357","Cycle 4","2018-12-27","123","12101-OYO80"
"80J7","6","5011","2","10011418C26A163","PAN SUB ASSY OIL NO.1","DCAA04","2018-12-26","001594","MA006","2018-12-26","001357","Cycle 5","2018-12-27","123","12101-OYO80"
"80J7","6","5011","2","10011418C26A164","PAN SUB ASSY OIL NO.1","DCAA04","2018-12-26","001594","MA006","2018-12-26","001357","Cycle 5","2018-12-27","123","12101-OYO80"
"80J7","6","5011","2","10011418C26A165","PAN SUB ASSY OIL NO.1","DCAA04","2018-12-26","001594","MA006","2018-12-26","001357","Cycle 4","2018-12-27","123","12101-OYO80"
"80J7","6","5011","2","10011418C26A166","PAN SUB ASSY OIL NO.1","DCAA04","2018-12-26","001594","MA006","2018-12-26","001357","Cycle 4","2018-12-27","123","12101-OYO80"
"80J7","6","5011","2","10011418C26A167","PAN SUB ASSY OIL NO.1","DCAA04","2018-12-26","001594","MA006","2018-12-26","001357","Cycle 4","2018-12-27","123","12101-OYO80"
"80J7","6","5011","2","10011418C26A168","PAN SUB ASSY OIL NO.1","DCAA04","2018-12-26","001594","MA006","2018-12-26","001357","Cycle 5","2018-12-27","123","12101-OYO80"
"80J7","6","5011","2","10011418C26A169","PAN SUB ASSY OIL NO.1","DCAA04","2018-12-26","001594","MA006","2018-12-26","001357","Cycle 4","2018-12-27","123","12101-OYO80"
"80J7","6","5011","2","10011418C26A170","PAN SUB ASSY OIL NO.1","DCAA04","2018-12-26","001594","MA006","2018-12-26","001357","Cycle 5","2018-12-27","123","12101-OYO80"
"80J7","6","5011","2","10011418C26A171","PAN SUB ASSY OIL NO.1","DCAA04","2018-12-26","001594","MA006","2018-12-26","001357","Cycle 4","2018-12-27","123","12101-OYO80"
"80J7","6","5011","2","10011418C26A172","PAN SUB ASSY OIL NO.1","DCAA04","2018-12-26","001594","MA006","2018-12-26","001357","Cycle 4","2018-12-27","123","12101-OYO80"
"80J7","6","5011","2","10011418C26A173","PAN SUB ASSY OIL NO.1","DCAA04","2018-12-26","001594","MA006","2018-12-26","001357","Cycle 5","2018-12-27","123","12101-OYO80"
"80J7","6","5011","2","10011418C26A174","PAN SUB ASSY OIL NO.1","DCAA04","2018-12-26","001594","MA006","2018-12-26","001357","Cycle 4","2018-12-27","123","12101-OYO80"
"80J7","6","5011","2","10011418C26A211","PAN SUB ASSY OIL NO.1","DCAA04","2018-12-26","001594","MA006","2018-12-26","001357","Cycle 5","2018-12-27","123","12101-OYO80"
"80J7","6","5011","2","10011418C26A214","PAN SUB ASSY OIL NO.1","DCAA04","2018-12-26","001594","MA006","2018-12-26","001357","Cycle 5","2018-12-27","123","12101-OYO80"
